id,lat,lng
GD1-0-06,37.849714332191134,118.7675646433141
GD1-0-11,37.85713261924661,118.76126550593824
GD1-0-13,37.86031426088532,118.75904602222674
GD1-0-15,37.86341876301225,118.75671089108187
GD1-0-17,37.86646468786316,118.75437417901952
GD1-0-172,37.867012585711585,118.75327355055296
GD1-0-19,37.86985006423343,118.75222714213906
GD1-0-191,37.869795250188446,118.75197583725559
GD1-0-20,37.87162310657905,118.75142819550655
GD1-0-206,37.84944403935102,118.76771723965362
GD1-0-22,37.87334017650728,118.75196889486571
GD1-0-311,37.858617589681245,118.76000556093143
GD1-0-315,37.864419018711295,118.75457565482847
GD1-0-319,37.86929821558792,118.7538959186218
GD1-0-321,37.87035168492385,118.75060260780708
GD1-0-4,37.846420732819446,118.76928092797866
GD1-0-413,37.860234374061825,118.76122571214778
GD1-0-417,37.86568208600854,118.75535558873636
GD1-0-5,37.84756365167265,118.7675587301765
GD1-0-503,37.84387142043976,118.77271885604752
GD1-0-504,37.84449938149164,118.77109805130678
GD1-0-506,37.84747823119675,118.76664785269914
GD1-0-511,37.854877606160954,118.76221165968552
GD1-0-6,37.84901676276954,118.76677545757028
GD1-0-616,37.86550399112871,118.75566953413293
GD1-0-617,37.866355626522875,118.75398523717223
GD1-0-7,37.850494012076155,118.7655837373896
GD1-0-719,37.86970998628805,118.75376931562744
GD1-0-8,37.85271815597126,118.76504600778215
GD1-0-813,37.86033028528176,118.75993267499548
GD1-0-815,37.862920331579204,118.75826713077213
GD1-0-9,37.85307367109884,118.76175969828147
GD1-0C15,37.8634472566854,118.7564615829227
GD1-0C22,37.87334017650728,118.75196889486571
GD1-0C4,37.84639160379649,118.76912118755337
GD1-0C8,37.8526911402657,118.76504536350284
GD1-0N13,37.86025424362886,118.75929456924739
GD1-0N15,37.86351205647868,118.75709944669471
GD1-0N19,37.870298869034116,118.75203322225452
GD1-0N319,37.8691074727641,118.75520959843223
GD1-0N4,37.84602155878857,118.77006660491041
GD1-0N511,37.85484574775991,118.76223362430196
GD1-0N7,37.85026717784781,118.76569193562047
GD1-0N8,37.85289907433401,118.76484581884515
GD1-0X05,37.847807943200365,118.76958673614313
GD1-0X061,37.84780691895552,118.76965487477467
GD1-0X09,37.85519041660911,118.76117383508962
GD1-0X21,37.87113096687635,118.75150745463877
GD1-0X23,37.87154387597243,118.74888073913115
GD1-0X3,37.84348305182505,118.77371263161677
GD1-0X322,37.87389560540373,118.74975459938004
GD1-0X323,37.87395289944028,118.7501423502525
GD1-0X41,37.84658658133737,118.76903496448136
GD1-0X615,37.862878812288,118.75622083028955
GD1-0X618,37.86707641677597,118.75307052033968
GD1-0X619,37.86796775577274,118.75113709758017
GD1-0X621,37.872895245214785,118.7564359280912
GD1-0X622,37.874290816687825,118.75074130732699
GD1-0X721,37.873232451503554,118.751943614047
GD1-0X722,37.871617606163575,118.74876884044339
GD1-0X817,37.865929970874504,118.75504329755528
GD1-0XN11,37.85509106109594,118.76073972785687
GD1-0XN5,37.847174779726444,118.76645884390703
GD1-0XNB11,37.85849219461874,118.75714714943994
GD1-10-11,37.86219755838095,118.78177080532822
GD1-1-011,37.8547920842881,118.76491368448295
GD1-10-13,37.86538700664133,118.7795068019233
GD1-10-15,37.86865250733528,118.7777217111364
GD1-10-17,37.87166222289892,118.77497573515015
GD1-10-19,37.87470453175321,118.77275309432427
GD1-10-191,37.87440912601231,118.77292784669041
GD1-10-20,37.87557085932781,118.77145554715071
GD1-10-207,37.8541011282412,118.7884609070034
GD1-10-21,37.88088111401894,118.7714691138394
GD1-10-213,37.86377550327,118.77869535778484
GD1-10-307,37.85604036203977,118.78607635695914
GD1-10-315,37.86822106902498,118.77855225189012
GD1-10-319,37.8739051435136,118.77468863034274
GD1-10-405,37.85219190935525,118.78916460757334
GD1-10-409,37.859059397646234,118.78480848613373
GD1-10-413,37.865712435436244,118.78121911832332
GD1-10-417,37.87223552588651,118.77787601702613
GD1-10-507,37.85287761385846,118.78790872188418
GD1-10-509,37.85745549983241,118.7854287946926
GD1-10-511,37.860854009335334,118.78289742559065
GD1-10-513,37.86353411843671,118.78021218576018
GD1-10-612,37.864926795042344,118.78342737544759
GD1-10-7,37.85593230051058,118.78607374883927
GD1-1-07,37.8480611776478,118.76982000104171
GD1-10-817,37.87119336463803,118.7756008730348
GD1-10-9,37.859427441640804,118.78340844076676
GD1-1-09,37.85156361017125,118.76799508310667
GD1-10-908,37.85448019766715,118.7882655604417
GD1-10J413,37.865095836728564,118.78193151400852
GD1-10N11,37.862441916779744,118.78184486667413
GD1-10N15,37.868630722270815,118.77797118912206
GD1-10N409,37.858992548029406,118.78476142479337
GD1-10N7,37.85590668566127,118.7862776419066
GD1-10N9,37.859314189116446,118.78345116017705
GD1-10P207,37.852033708542216,118.78299645399215
GD1-10X210,37.86063149359947,118.7826302724021
GD1-10X3005,37.852000621578746,118.78888856592138
GD1-10X3007,37.85852776971009,118.78176662844106
GD1-10X3008,37.85864559940731,118.78168334050481
GD1-10X3010,37.861711454974596,118.7789184388838
GD1-10X3305,37.859873787655275,118.79022274515593
GD1-10X3306,37.8585670168378,118.78173882724172
GD1-10X3308,37.85831213581713,118.78099687936766
GD1-10X3310,37.86169863386394,118.7788726800575
GD1-10X3311,37.86168131015795,118.77882681299347
GD1-10X909,37.85392552842583,118.78845666345518
GD1-10XN13,37.86529602966072,118.77777740811717
GD1-10XN509,37.854932566961516,118.7823457414878
GD1-10XNB19,37.874382741274566,118.77258627616547
GD1-11-015,37.87079928651215,118.77843242294807
GD1-11-1,37.84885132592027,118.79335546226297
GD1-1-11,37.85475961907335,118.76527648126567
GD1-11-10,37.86310505938587,118.78415613365695
GD1-11-11,37.864572067489256,118.78275976557423
GD1-11-12,37.866308746720016,118.78184709730445
GD1-11-121,37.86622369784825,118.78166323541194
GD1-11-13,37.86776687839754,118.78029132134617
GD1-11-14,37.86942512576649,118.77964940336614
GD1-11-15,37.87084633138559,118.77800172034706
GD1-11-16,37.87274929070137,118.77636554566904
GD1-11-17,37.87405901280803,118.7752378209954
GD1-11-18,37.87543807535773,118.77458904051288
GD1-11-19,37.87709242586441,118.77360589039971
GD1-1-12,37.855521201274826,118.76374945490988
GD1-11-209,37.86124165962969,118.7837703215746
GD1-11-3,37.85189967385549,118.79120254412229
GD1-11-311,37.86186946531133,118.78246738901397
GD1-11-315,37.86734205368215,118.78157653645799
GD1-11-317,37.87421764528584,118.77756000091537
GD1-11-4,37.85378068447438,118.79072544448837
GD1-1-14,37.86004101026363,118.76210737758518
GD1-11-401,37.85068247468244,118.79703532379563
GD1-11-403,37.85088683700894,118.7951543675386
GD1-11-407,37.857738454518525,118.78770802575973
GD1-11-41,37.85301989625068,118.78995719141241
GD1-11-411,37.86412782977297,118.7841353471502
GD1-11-415,37.870211701183315,118.77975924055615
GD1-11-5,37.85493414680083,118.78936724186305
GD1-1-15,37.86093771809972,118.760878852644
GD1-11-51,37.85466226697914,118.78947428351917
GD1-11-512,37.86720291164812,118.78243680987097
GD1-11-6,37.85688145789737,118.78852810142995
GD1-1-16,37.86272041166585,118.75973954714614
GD1-11-617,37.87315893478404,118.77369338466376
GD1-11-7,37.85807331119672,118.78671625352291
GD1-1-17,37.86429304418537,118.75864064710795
GD1-11-705,37.85545366713394,118.78926618692178
GD1-11-708,37.860500817084514,118.78584315117442
GD1-11-709,37.861242057213644,118.7843384592468
GD1-11-711,37.86542336649792,118.78246211095379
GD1-11-713,37.86778412929455,118.7797462849967
GD1-11-715,37.871142388688924,118.77748608908962
GD1-11-717,37.87403963167342,118.77532827210176
GD1-11-8,37.86002131626678,118.78612699958212
GD1-1-18,37.8657121741481,118.7568108039985
GD1-11-815,37.871323260793766,118.77803591374732
GD1-11-817,37.87384375915173,118.77636910513587
GD1-11-9,37.86136868369046,118.78475056595319
GD1-11-907,37.85800715191387,118.78662375955946
GD1-11-914,37.87066420937743,118.77842917502512
GD1-11C411,37.86412703256218,118.78412851012128
GD1-11J11,37.86490172613618,118.78210864844951
GD1-11N1,37.84894293620793,118.79340312440483
GD1-11N10,37.8632964441056,118.78445618387303
GD1-11N13,37.86758574474917,118.7803551431802
GD1-11N15,37.87046974734982,118.77728810023868
GD1-11N16,37.87262111626032,118.77620336656281
GD1-11N17,37.874006352647875,118.77514564060557
GD1-11N4,37.85368302089101,118.7909275863941
GD1-11N7,37.85810448432682,118.78673973038065
GD1-11N8,37.85993126505609,118.78612482577513
GD1-11N9,37.86115862563636,118.78479094908981
GD1-11NB12,37.86698197098001,118.78111332616997
GD1-11P515,37.87279942586441,118.7813691079763
GD1-11X007,37.85800646235978,118.78666919115214
GD1-11X02,37.85083090129489,118.7948349044273
GD1-11X2,37.85090882975189,118.79474590649447
GD1-11X3006,37.85981521266304,118.7902596189984
GD1-11X3007,37.85983940634488,118.79024441072765
GD1-11X3008,37.85860626395943,118.7817110260135
GD1-11X3009,37.86137469763727,118.78420530711259
GD1-11X3010,37.86139098617836,118.78431932575269
GD1-11X3012,37.86719493860625,118.78236843687546
GD1-11X3013,37.86716723516838,118.78241322325835
GD1-11X309,37.86217806316036,118.78647449591165
GD1-11X3305,37.85979101897939,118.79027482725948
GD1-11X3306,37.85715333736228,118.78699740384829
GD1-11X3307,37.86000473936598,118.79014183206199
GD1-11X3308,37.858684846516816,118.78165553921875
GD1-11X3310,37.86139201922086,118.78425117515944
GD1-11X3311,37.865858656648385,118.78554068263384
GD1-11X3312,37.867240652284984,118.78232408440817
GD1-11X707,37.86045128891519,118.7858419557487
GD1-11X710,37.86406720416548,118.78397480313835
GD1-11X814,37.87102366999619,118.77789086537236
GD1-11X903,37.85343351668889,118.79237580145346
GD1-11X906,37.858936265971124,118.78476006725148
GD1-11XN19,37.87537303198368,118.77501934011772
GD1-11XN3010,37.85995952991024,118.78266169138728
GD1-11XN411,37.86469545700646,118.7857625954063
GD1-11XN71,37.85893661038919,118.78473735114633
GD1-11XNB5,37.85392449312154,118.78852480701805
GD1-1-20,37.86893007781952,118.75502356837103
GD1-12-11,37.863715783469885,118.78546623721108
GD1-12-13,37.86717426216376,118.78343610536912
GD1-12-15,37.87010377977643,118.78093849241277
GD1-12-17,37.87378212548802,118.77895873063564
GD1-12-19,37.876649547806984,118.77639104442405
GD1-12-2,37.85284453617231,118.79186164206645
GD1-12-209,37.85946634974799,118.79034037207195
GD1-12-309,37.86070981412185,118.78809796575443
GD1-12-313,37.86678156009441,118.784085715584
GD1-12-317,37.873067154671716,118.78096439324446
GD1-12-407,37.85628287851273,118.7904224152294
GD1-12-411,37.863252833877915,118.78718222034436
GD1-12-415,37.86964674125324,118.78226842301713
GD1-12-419,37.875896333511655,118.77705484025837
GD1-12-421,37.87661011559453,118.77452624732986
GD1-12-5,37.85408117803288,118.79184613753162
GD1-12-505,37.85353101320433,118.79233271722025
GD1-12-507,37.855586218299386,118.79106453770717
GD1-12-509,37.85978246848808,118.78821190309483
GD1-12-511,37.862188102584675,118.78640656210582
GD1-12-513,37.86549417202069,118.78403194090265
GD1-12-614,37.87119865617981,118.78151033257484
GD1-12-7,37.85669985262301,118.7896598977361
GD1-12-817,37.873391271405644,118.78038124782951
GD1-12-9,37.86067374069608,118.78721082139928
GD1-12CN5,37.854066102305154,118.79150492910499
GD1-12J411,37.862501881811156,118.78620960895535
GD1-12N11,37.86393190631146,118.78547145315092
GD1-12N13,37.86644447488241,118.78314579012712
GD1-12N17,37.87352028973353,118.7789978901143
GD1-12N19,37.87686322625134,118.77625979783193
GD1-12N313,37.86662622176085,118.78408196914643
GD1-12N5,37.854182131575534,118.79157590665396
GD1-12N511,37.86230068678897,118.78670471124012
GD1-12NB17,37.87389125529568,118.77918864601801
GD1-12P511,37.86622676245977,118.78473140814643
GD1-12X1,37.85087765874624,118.79501781350673
GD1-12X3008,37.85989716396406,118.79020797157935
GD1-12X3012,37.86582263618857,118.78553981321272
GD1-12X3013,37.86594039192339,118.78549720234619
GD1-12X3306,37.859762823317745,118.79029255201452
GD1-12X3308,37.85997219363659,118.79016126964667
GD1-12X3310,37.86138995309643,118.78438747634247
GD1-12X3312,37.8659043714632,118.78549633294371
GD1-12X402,37.85095610648734,118.79474705287655
GD1-12XN15,37.869542192563834,118.77965222003664
GD1-12XN411,37.86256230021122,118.78593836136183
GD1-12XN505,37.85149104392801,118.79496452324467
GD1-1-3,37.842938036070734,118.773832483823
GD1-13-10,37.86287276562093,118.78803661251807
GD1-13-11,37.864357502580965,118.7869589195681
GD1-13-12,37.8660209321583,118.78568095900373
GD1-13-13,37.867596069061655,118.78487808089656
GD1-13-14,37.86921635915879,118.78362170740404
GD1-13-15,37.87070037053815,118.78258927633165
GD1-1-315,37.8627592866953,118.75774061308749
GD1-13-16,37.87243858039329,118.78142655670126
GD1-13-17,37.874133815935714,118.78012637472207
GD1-13-18,37.87520550596932,118.77806106408126
GD1-13-19,37.876936208363226,118.77798902874767
GD1-13-2,37.850435176501534,118.79730198080459
GD1-13-20,37.87877171742406,118.77694209872881
GD1-1-320,37.86928059899256,118.75719101479399
GD1-13-213,37.86761389499304,118.78474214854474
GD1-13-3,37.85182076793596,118.7954951301486
GD1-13-317,37.870952858040674,118.78257263350329
GD1-13-4,37.85324443819706,118.79532516484818
GD1-13-406,37.85595063480019,118.79375472722802
GD1-13-410,37.86235088828273,118.78947842872084
GD1-13-414,37.86817917372982,118.78518760538516
GD1-13-5,37.85492975813227,118.79291194892946
GD1-13-507,37.857960790699394,118.79100839151634
GD1-13-511,37.86547145882969,118.7858267804171
GD1-13-6,37.856740978236516,118.7921377776949
GD1-13-612,37.86633820099441,118.78584770438954
GD1-13-620,37.87880567950997,118.77707929818
GD1-13-7,37.85812602697377,118.79198952903717
GD1-13-703,37.85369122364467,118.79379085479823
GD1-13-708,37.85956818084431,118.79045645895324
GD1-13-710,37.862483277805964,118.78773176803726
GD1-13-712,37.86559390040128,118.78592064204085
GD1-13-713,37.86716492617929,118.78568584763946
GD1-13-714,37.870047872396725,118.78284628463264
GD1-13-716,37.87192638309847,118.78193697315295
GD1-13-717,37.87305993398484,118.78144152345443
GD1-13-718,37.87545524691184,118.77822617543593
GD1-13-720,37.878367858431204,118.77684147172228
GD1-13-8,37.85975382195843,118.79039277715718
GD1-13-816,37.872410969925234,118.78235776279848
GD1-13-817,37.87507326664534,118.78144456367902
GD1-13-9,37.861293824831115,118.78938468673455
GD1-13-902,37.85058947379192,118.79737389296028
GD1-13-915,37.871600538558106,118.78263370024386
GD1-13C708,37.85956818084431,118.79045645895324
GD1-13C713,37.86715298045643,118.78573101314147
GD1-13G17,37.874851133150884,118.7803482053456
GD1-13J10,37.86262414033523,118.78616710956952
GD1-13N10,37.86302204004843,118.78799476888548
GD1-13N11,37.86422919844373,118.78725125884395
GD1-13N12,37.865765159050405,118.78576569098998
GD1-13N13,37.867607349017675,118.78517380508477
GD1-13N15,37.87045238558695,118.7826060275978
GD1-13N16,37.87275826232241,118.78143425692986
GD1-13N18,37.87496511311191,118.77787344925139
GD1-13N20,37.878843758521754,118.77694383000835
GD1-13N3,37.85161226610346,118.79528557292063
GD1-13N7,37.85826075025881,118.79172010149394
GD1-13N8,37.85941108042484,118.78968002303851
GD1-13N9,37.86148293199127,118.78938926029346
GD1-13NB9,37.861240305435764,118.78920159152061
GD1-13P206,37.85195571678674,118.78887952778153
GD1-13P510,37.86417188627682,118.79131782972082
GD1-13P511,37.86699354680459,118.78659078597836
GD1-13P513,37.86463684519114,118.79080638681303
GD1-13P514,37.870391828697834,118.78778653692989
GD1-13P517,37.87321571500848,118.78424091941243
GD1-13P518,37.87589595044747,118.78244175649458
GD1-13P614,37.8663388903595,118.78580226766162
GD1-13X208,37.860601435408476,118.78589102957736
GD1-13X21,37.878176306105885,118.77670048660379
GD1-13X212,37.86518795586223,118.78582732264148
GD1-13X312,37.86421220417051,118.78688723184847
GD1-13X3307,37.8597036110383,118.79032986482223
GD1-13X3308,37.859732172091604,118.79031180806628
GD1-13X3311,37.86409373882247,118.78667983655785
GD1-13X3312,37.864111059376825,118.78672570685733
GD1-13X702,37.85176673741125,118.79549381941116
GD1-13X818,37.876295206213406,118.77867823938733
GD1-13X913,37.86997928471546,118.78707200354644
GD1-13XJ9,37.862706006739906,118.78819166122607
GD1-13XN14,37.870321115143824,118.78680752777446
GD1-13XN19,37.876952591840286,118.77630740443622
GD1-13XN4,37.85176604453126,118.7955392469538
GD1-13XN410,37.86260226731572,118.7880528006762
GD1-13XN414,37.8701981666274,118.7868954690781
GD1-13XN71,37.85937301094185,118.79040628721876
GD1-13XN712,37.86589244789833,118.78583694337736
GD1-1-4,37.84488713646769,118.77481070915447
GD1-14-013,37.86853713981538,118.78801443714357
GD1-14-11,37.865248583288604,118.78863946698169
GD1-14-13,37.868483384285675,118.78680858872582
GD1-1-414,37.85951614735279,118.76286751658529
GD1-14-15,37.87147740890618,118.78451717911351
GD1-14-16,37.86668659172638,118.78796970647068
GD1-14-17,37.874266053543586,118.782697950252
GD1-1-418,37.86549527864128,118.75821469690828
GD1-14-19,37.87791139546959,118.77962632596231
GD1-14-213,37.86741704022117,118.78791918104427
GD1-14-215,37.870354986247285,118.78576286176784
GD1-14-3,37.85253903382067,118.79889819382528
GD1-14-311,37.86480806515228,118.78946968569538
GD1-14-315,37.871213551388394,118.785283571177
GD1-14-319,37.87739449220667,118.78134137337499
GD1-14-320,37.87821051351156,118.7786106589239
GD1-14-405,37.85498914727908,118.79743529802543
GD1-14-409,37.86163281865158,118.7921199120909
GD1-14-413,37.867673685589274,118.78792538431136
GD1-14-417,37.87406977190743,118.78376148508355
GD1-14-5,37.85571997077732,118.79529432690045
GD1-14-504,37.85412605304797,118.7970280462039
GD1-14-508,37.85690655876372,118.79368700368221
GD1-14-509,37.857062760247274,118.79348627561787
GD1-14-511,37.86105039862555,118.79087865255855
GD1-14-514,37.86266973541857,118.79028153482186
GD1-14-516,37.86713991766654,118.78718522128463
GD1-14-609,37.862485189021264,118.79234508812696
GD1-14-610,37.86322457405211,118.78993134969092
GD1-14-8,37.85916735783531,118.79415084700962
GD1-14-817,37.874649085997234,118.78238897411278
GD1-14-819,37.87765698381559,118.78096128380002
GD1-14-9,37.86161476742237,118.79064233584376
GD1-14-914,37.86448379185795,118.78768920558774
GD1-14C405,37.85505408721965,118.79745959848535
GD1-14C819,37.87730471963603,118.78072549878449
GD1-14CN19,37.8784880670484,118.77961747468606
GD1-14G10,37.860708243611704,118.79234749165097
GD1-14G14,37.86456579727727,118.7895547299984
GD1-14G20,37.870514621634726,118.78533488455865
GD1-14G22,37.87238618624164,118.78399362134331
GD1-14G6,37.85692491942051,118.79543717856147
GD1-14J10,37.86332242665609,118.79016097458667
GD1-14N15,37.87209772810172,118.78460033175057
GD1-14N19,37.87817838429902,118.7792463358345
GD1-14N3,37.852613156892055,118.79876366090058
GD1-14N413,37.86772082809588,118.7886765181623
GD1-14N509,37.856427894912166,118.79672036501762
GD1-14N8,37.85907730700673,118.7941486635074
GD1-14N9,37.86174257655921,118.79082723116855
GD1-14NB8,37.859406859678586,118.79454297133302
GD1-14X1,37.85085289474536,118.79501721293168
GD1-14X205,37.85604091541649,118.80023310874206
GD1-14X209,37.859365816067914,118.79531460935108
GD1-14X210,37.86292105528022,118.79123584280886
GD1-14X308,37.86073196989367,118.79241624123063
GD1-14X521,37.879545027825884,118.77882460638914
GD1-14X522,37.87899189933808,118.7787658382444
GD1-14X904,37.8540166229311,118.79563929428247
GD1-14X905,37.854088317113124,118.79566375669818
GD1-14X910,37.86077283870319,118.79239450634168
GD1-14X912,37.862404122758946,118.7914568314152
GD1-14XJ11,37.86526105588182,118.78588988028832
GD1-14XN11,37.86706664164045,118.78681982043607
GD1-14XN13,37.868656224555984,118.78699458308589
GD1-14XN409,37.86230731802863,118.7914544874013
GD1-14XNC8,37.85884802163147,118.79382496297069
GD1-1-5,37.84532476340743,118.7720720487253
GD1-15-011,37.86706248260011,118.79020602797532
GD1-15-013,37.87078901645586,118.78654609481656
GD1-15-015,37.87350679332299,118.78613443993714
GD1-15-019,37.87960605646315,118.78253119205749
GD1-1-502,37.84365430997524,118.7759171420879
GD1-15-03,37.854522578498745,118.79878734690264
GD1-1-503,37.845081364554325,118.77342943406033
GD1-1-504,37.84647406860097,118.77262213464022
GD1-15-1,37.85155706288492,118.80066937250581
GD1-15-10,37.86588662716434,118.79022302493472
GD1-15-11,37.86772120073635,118.78924470468634
GD1-15-12,37.86921667958943,118.78805359128937
GD1-15-13,37.87062383931447,118.78704212101084
GD1-15-14,37.872248492501924,118.78594495140139
GD1-15-15,37.873917817219905,118.7848715419675
GD1-15-16,37.87543057657212,118.7837261203079
GD1-15-17,37.87701918074987,118.78262794112999
GD1-15-18,37.8785821669614,118.78173367287891
GD1-15-19,37.880164499019514,118.7804534077537
GD1-15-2,37.85350221873081,118.79923972321123
GD1-15-20,37.87906363464137,118.77908579264378
GD1-15-209,37.8648968219395,118.79251714690113
GD1-15-211,37.86748710393961,118.79012539626682
GD1-15-215,37.872068775446145,118.78650882277682
GD1-15-3,37.854878118877295,118.79836424945765
GD1-15-315,37.87054251513321,118.78824473864186
GD1-15-319,37.87688108767642,118.78371564902183
GD1-15-4,37.85656470451959,118.79661006851049
GD1-15-403,37.854663681362,118.7997224218129
GD1-15-407,37.86075952547732,118.79518935207753
GD1-15-411,37.866626960518694,118.79055911615224
GD1-15-415,37.873345775162484,118.7866533143893
GD1-15-419,37.879753893992536,118.78198921642026
GD1-15-420,37.880851947048505,118.7799698764755
GD1-15-5,37.85804916605912,118.79585076664097
GD1-15-51,37.85805955451751,118.7960555357401
GD1-15-521,37.881245766493265,118.78013847662129
GD1-15-6,37.859588343345955,118.79563815276938
GD1-15-609,37.86401432382579,118.79249576407163
GD1-15-611,37.868405612037435,118.78985216997211
GD1-15-612,37.8693029759345,118.78919205680644
GD1-15-613,37.87092692521244,118.78754946204731
GD1-15-7,37.86162591547738,118.79375596029715
GD1-15-705,37.85830632915523,118.795970628824
GD1-15-708,37.861884637277875,118.79362588112085
GD1-15-709,37.86469053901392,118.79112585285776
GD1-15-711,37.86781749379383,118.78942885092009
GD1-15-713,37.87023142754004,118.78707809565807
GD1-15-715,37.8738166702824,118.78470999788907
GD1-15-717,37.87681934749944,118.78273677332359
GD1-15-8,37.86302498276856,118.79283540388569
GD1-15-811,37.867272196475554,118.79018837633916
GD1-15-815,37.87373948359238,118.78534454615995
GD1-15-817,37.87654344661895,118.78429848014133
GD1-15-9,37.86436688650247,118.79152708594705
GD1-15-909,37.86406363936019,118.79088341526858
GD1-15-911,37.86737589884255,118.78944089531967
GD1-15-913,37.87127912364438,118.78689885642265
GD1-15-914,37.87305201510996,118.78582798270163
GD1-15N1,37.851885052764345,118.80072279661549
GD1-15N10,37.866074697480265,118.79029575607562
GD1-15N12,37.86952944191295,118.7882202456206
GD1-15N13,37.87054974623123,118.78747216236229
GD1-15N16,37.87551021895616,118.78352347572658
GD1-15N17,37.87711445108078,118.78288026793489
GD1-15N18,37.87880554402935,118.78155721124652
GD1-15N2,37.85312886583966,118.7989125304187
GD1-15N3,37.854802981222825,118.79883051940989
GD1-15N4,37.85638321624599,118.796696556637
GD1-15N6,37.85954972720506,118.79536452081929
GD1-15N7,37.861777442929366,118.79371418347289
GD1-15N8,37.86320785685995,118.79295346401194
GD1-15N9,37.86429276351499,118.79136620867594
GD1-15NB16,37.87418900404951,118.78480989976177
GD1-15P519,37.88083263076007,118.78422013742022
GD1-15X007,37.86085267093617,118.79232826535872
GD1-15X205,37.86400272940517,118.796535700757
GD1-15X206,37.86402267976086,118.796597886158
GD1-15X208,37.86291549911343,118.79115105536708
GD1-15X21,37.879501487061745,118.77961913528429
GD1-15X215,37.87328644510845,118.78609900251773
GD1-15X320,37.879297546227946,118.77988063041255
GD1-15X405,37.859462620641935,118.7953169581656
GD1-15X421,37.87942532274175,118.77989007086424
GD1-15X522,37.882327135272526,118.780710072528
GD1-15X5221,37.88106737594224,118.78329382223703
GD1-15X523,37.88083362764816,118.78028767170186
GD1-15X706,37.85942288450807,118.79038476946799
GD1-15X805,37.85648157864658,118.796744392073
GD1-15X819,37.881063258145666,118.78029320097347
GD1-15X901,37.85312616457991,118.8012983355957
GD1-15X902,37.853785784942765,118.80131439025492
GD1-15X903,37.85641666669821,118.80099212816856
GD1-15X907,37.86535038152783,118.79393717117914
GD1-15X908,37.86235459475758,118.79145563215086
GD1-15X910,37.866912861996376,118.79027058755709
GD1-15XN420,37.88039619197216,118.78032260091707
GD1-15XN61,37.86081630468248,118.79235010937872
GD1-15XNB7,37.862144711630314,118.79163235312528
GD1-16-011,37.866272705272834,118.79341409869083
GD1-16-013,37.870098199611945,118.78932493223692
GD1-16-11,37.86677991644039,118.79219914839271
GD1-16-13,37.86987275048416,118.78993312777513
GD1-16-15,37.872997752116326,118.7876222421035
GD1-1-616,37.86116461318729,118.75865718553406
GD1-16-17,37.87658996425528,118.78568612286519
GD1-1-618,37.86575735729247,118.75785730030232
GD1-16-19,37.87939761771006,118.78320808834086
GD1-16-20,37.881232937391495,118.78336600937675
GD1-16-205,37.85613771978379,118.80023546370778
GD1-16-21,37.882588283554306,118.78071636255343
GD1-16-213,37.8703163808262,118.788898380393
GD1-16-3,37.85409680692785,118.8012992376026
GD1-16-305,37.85649181948208,118.80108485165346
GD1-16-309,37.86369222161666,118.7964877084548
GD1-16-313,37.86948487862662,118.7911510338936
GD1-16-317,37.87570338564233,118.78682392180934
GD1-16-321,37.88158683582565,118.78260167872294
GD1-16-403,37.853470171450205,118.80280640521303
GD1-16-407,37.85973306790865,118.79825499623398
GD1-16-411,37.86635410097202,118.79398423867016
GD1-16-415,37.872610951969314,118.78906752354295
GD1-16-419,37.87914838007955,118.78479322164192
GD1-16-5,37.85733856534204,118.79887852127648
GD1-16-505,37.85554598460576,118.80019834538443
GD1-16-507,37.858936973719956,118.79862196304344
GD1-16-509,37.86159404870667,118.79584590597754
GD1-16-511,37.86500349903211,118.79261063675338
GD1-16-513,37.86852791971022,118.79128695216382
GD1-16-515,37.87089966456339,118.7896397864836
GD1-16-522,37.883485731957485,118.78123808259043
GD1-16-523,37.8848877770741,118.78145372392365
GD1-16-611,37.865610317293395,118.79417073902518
GD1-16-7,37.860005857761614,118.79646637453706
GD1-16-811,37.867256839775074,118.7922334302636
GD1-16-817,37.87572691442765,118.78646081721084
GD1-16-819,37.879130271989354,118.78361079205963
GD1-16-821,37.88198549782092,118.782747679938
GD1-16-9,37.86338138866115,118.79427576314572
GD1-16C17,37.87613410654405,118.78485684565365
GD1-16N11,37.86641504044161,118.79234939516361
GD1-16N13,37.869573855051016,118.79003953295012
GD1-16N15,37.872929194623225,118.78798424427778
GD1-16N17,37.876699404335454,118.78559784616606
GD1-16N3,37.85366368723483,118.80149320037401
GD1-16N513,37.86866888147314,118.79119945630065
GD1-16NB13,37.869721034330986,118.78954308516224
GD1-16P422,37.879058174452794,118.77974484916311
GD1-16X003,37.853818858743665,118.80136064083686
GD1-16X005,37.856415624082,118.8010602735562
GD1-16X007,37.86116882921793,118.79906254339548
GD1-16X009,37.86405866027403,118.79638297703465
GD1-16X015,37.87224798551195,118.78924057122018
GD1-16X206,37.86398078200895,118.79649221578485
GD1-16X209,37.866410381118015,118.79369015668107
GD1-16X211,37.867623621001556,118.79210595459332
GD1-16X212,37.867506772766426,118.78887315820408
GD1-16X22,37.88432079935051,118.78141732876088
GD1-16X322,37.880483802892954,118.78018832418121
GD1-16X521,37.88223292539589,118.78068507181591
GD1-16X524,37.88567922446322,118.7818365190968
GD1-16X807,37.86124174299794,118.79885979065038
GD1-16XN313,37.869695412598965,118.78974701461013
GD1-16XN321,37.88228245352072,118.78068626472475
GD1-16XN403,37.851584551799114,118.8041692444475
GD1-16XN411,37.86550087027712,118.79396354695082
GD1-16XN5,37.85645491013497,118.79672102094342
GD1-16XN505,37.85375045985849,118.80126808492075
GD1-16XN522,37.88350962041128,118.78114773023377
GD1-16XN7,37.86123534646052,118.79854148406436
GD1-16XN9,37.86552511414072,118.79385050282742
GD1-16XNB11,37.86764043739048,118.78924786472805
GD1-1-7,37.84856008179041,118.76974104434032
GD1-17-010,37.865737068979165,118.7961964691316
GD1-17-014,37.872081467969785,118.79160030021185
GD1-17-020,37.88124199372887,118.78395724100268
GD1-17-022,37.88460500269535,118.78347008564205
GD1-17-10,37.866012253751144,118.79513500286478
GD1-17-11,37.86738794984848,118.79353204509282
GD1-17-12,37.86913406144345,118.79289255806712
GD1-17-13,37.870831145589065,118.79147910076688
GD1-17-131,37.870820763680165,118.79186522607316
GD1-17-14,37.872222060554115,118.79064910989993
GD1-17-15,37.87374976231082,118.78941327806471
GD1-17-151,37.8739038593841,118.78875786558804
GD1-17-16,37.87536301481948,118.78847494777062
GD1-17-17,37.87703339666284,118.78733338909902
GD1-17-18,37.878507725244866,118.78605066157293
GD1-1-718,37.86595960176161,118.75668032003917
GD1-17-19,37.87999832799912,118.78488193109884
GD1-17-2,37.85344947749634,118.80401020254764
GD1-17-20,37.88167249131402,118.78378577727392
GD1-1-720,37.87003082170317,118.75309508526115
GD1-17-213,37.86940453209774,118.79139909195165
GD1-17-215,37.87146391392063,118.79103986275992
GD1-17-217,37.87494600454306,118.78835121590744
GD1-17-218,37.87823595285934,118.7879307153015
GD1-17-22,37.88472187056354,118.78140426118928
GD1-17-221,37.8838829885212,118.78117945790694
GD1-17-312,37.86923658950068,118.79414505866006
GD1-17-317,37.87512650358962,118.78951477920175
GD1-17-320,37.881430482773645,118.78489377365595
GD1-17-4,37.856575944008405,118.80176860822249
GD1-17-406,37.85902136151839,118.80135094132115
GD1-17-410,37.865553154013895,118.79644199404937
GD1-17-414,37.871989002073704,118.79205262838074
GD1-17-418,37.87838036378148,118.78761598181303
GD1-17-422,37.88417585714164,118.78325514290388
GD1-17-423,37.88622021872653,118.78180409379112
GD1-17-503,37.85471906925803,118.80331401298075
GD1-17-507,37.86137368279175,118.79936295109738
GD1-17-511,37.86794332071469,118.79359096529197
GD1-17-521,37.882707413398784,118.78415172330257
GD1-17-522,37.88444982396341,118.7833072160869
GD1-17-523,37.88589847318498,118.78193273476387
GD1-17-6,37.8595688261678,118.80015986783835
GD1-17-614,37.87290223582134,118.78916548466945
GD1-17-7,37.8612916280722,118.79854285219851
GD1-17-706,37.86001164360884,118.79992066965788
GD1-17-709,37.864313917743424,118.79648007934796
GD1-17-71,37.861382352078884,118.79909046049649
GD1-17-710,37.86627184360031,118.79480040277747
GD1-17-712,37.86968161480164,118.79154216890407
GD1-17-716,37.87565149307954,118.78786822699587
GD1-17-718,37.87821025063139,118.7866571952237
GD1-17-8,37.86273732050019,118.79737354281507
GD1-17-814,37.872667120660935,118.79070534284993
GD1-17-818,37.878615479689174,118.78666698678013
GD1-17-820,37.88109800579813,118.78513579066139
GD1-17-9,37.86436466527193,118.79595861261963
GD1-17-903,37.85305698273749,118.80272817258138
GD1-17-915,37.87468140446017,118.78857210959488
GD1-17-917,37.8763940676684,118.78790891027006
GD1-17-92,37.8645539430903,118.79609956427323
GD1-17C16,37.87534014240097,118.78820164125364
GD1-17C406,37.85877233220036,118.8014357760477
GD1-17C709,37.86422715346991,118.79670523243703
GD1-17CX806,37.86041494113374,118.79923771430315
GD1-17G21,37.88316519358413,118.78307164127122
GD1-17G3,37.8546856689207,118.80299507641031
GD1-17G5,37.85804315067651,118.8003727159045
GD1-17N11,37.867180481092916,118.79295884173709
GD1-17N12,37.86935571977468,118.79253428945272
GD1-17N13,37.87172505281186,118.79075071835005
GD1-17N17,37.877738570725235,118.78746408501993
GD1-17N18,37.87872626112138,118.785896826833
GD1-17N19,37.880081418048185,118.78445204952013
GD1-17N191,37.8796824374153,118.78462426674074
GD1-17N20,37.88151561590587,118.78403203732155
GD1-17N3,37.854572041347964,118.80335587631879
GD1-17N320,37.88090099075665,118.78594935577026
GD1-17N406,37.85877233220036,118.8014357760477
GD1-17N5,37.85776745424513,118.80043418009176
GD1-17N51,37.85775844919125,118.80043396098768
GD1-17N521,37.88269324053271,118.78449235708244
GD1-17N718,37.878454708679804,118.78568569438166
GD1-17N9,37.864437920547395,118.7957331303079
GD1-17N92,37.864820289290364,118.79576513801743
GD1-17NB11,37.867323183396095,118.79364410956603
GD1-17NB13,37.871711545191395,118.79075039129692
GD1-17NB131,37.87067599068885,118.79190717470219
GD1-17P301,37.85896542490016,118.80764422739847
GD1-17P302,37.84732423292622,118.79868057673042
GD1-17P406,37.86079626543493,118.80721173330235
GD1-17P410,37.86772784905367,118.79767661540576
GD1-17P418,37.8812968497142,118.78568614261557
GD1-17P422,37.88503111852348,118.78477611501336
GD1-17P509,37.86650180095621,118.79655593842207
GD1-17P512,37.87134998773647,118.79201441688298
GD1-17P514,37.87179367587424,118.79541168965586
GD1-17P515,37.8725667250535,118.7947889423229
GD1-17P516,37.87133839908634,118.78774123258653
GD1-17P518,37.87845612824056,118.78618579772608
GD1-17X004,37.85728035200199,118.80503526957068
GD1-17X008,37.8640216948288,118.79924554732912
GD1-17X023,37.884741826587266,118.78365524538717
GD1-17X203,37.856088191968176,118.8002342588402
GD1-17X212,37.87101156085567,118.79628591768459
GD1-17X213,37.872258527242714,118.79214768656588
GD1-17X214,37.87254310262469,118.79104099585393
GD1-17X424,37.88436582488461,118.78141841375057
GD1-17X520,37.88303366369882,118.78402320573858
GD1-17X524,37.884756367425915,118.78358739915292
GD1-17X612,37.86961757269674,118.79397247862357
GD1-17X615,37.87411721884792,118.78894485877889
GD1-17X715,37.87304111102088,118.7889188282595
GD1-17X806,37.86125905878505,118.79890566181517
GD1-17X808,37.86380494316414,118.80149013605953
GD1-17X905,37.85732537716074,118.80503636787199
GD1-17X907,37.86409208256024,118.79640651455604
GD1-17X911,37.87061921134212,118.79356494164995
GD1-17X913,37.87220261468839,118.78926220206468
GD1-17XN151,37.87395823520959,118.78873645178226
GD1-17XN21,37.88411075543989,118.78338996548771
GD1-17XN410,37.86574018475899,118.79628745066113
GD1-17XN522,37.88487570402426,118.78494967546204
GD1-17XN8,37.864106107832285,118.79652048495105
GD1-17XNB410,37.86550572007754,118.79423638140186
GD1-18-013,37.87126723181654,118.79419431689246
GD1-18-021,37.88326588018085,118.78623380322566
GD1-18-1,37.854482734213825,118.80492158597178
GD1-18-11,37.868425785459905,118.79503448399312
GD1-18-13,37.87167176108925,118.7930677152839
GD1-18-15,37.87480617222095,118.7907344085557
GD1-18-17,37.877763586479915,118.78907853334137
GD1-18-19,37.88089895941149,118.78667670389976
GD1-18-20,37.88274432911336,118.78706227593989
GD1-18-21,37.88404156928588,118.784388510492
GD1-18-211,37.86942221369011,118.79644504924056
GD1-18-213,37.871581368425936,118.7948610573396
GD1-18-3,37.855726150477544,118.8046110621633
GD1-18-303,37.85643358025008,118.80444652513874
GD1-18-307,37.86196652413615,118.80153627224256
GD1-18-311,37.86810504811261,118.79657214996973
GD1-18-315,37.874656578858236,118.79198089361654
GD1-18-319,37.88038954835221,118.78789186808767
GD1-18-405,37.858474845521776,118.8036555067284
GD1-18-409,37.86464721008082,118.79898804702275
GD1-18-413,37.871111027859314,118.79469054638
GD1-18-417,37.87705223828453,118.79053877039536
GD1-18-421,37.88357375791693,118.78583206630132
GD1-18-423,37.88652380185222,118.7837664412101
GD1-18-5,37.858950804580644,118.80257633927951
GD1-18-505,37.85739598118523,118.80351559025247
GD1-18-507,37.860493173452184,118.80127314930894
GD1-18-509,37.863995206305304,118.79906309572456
GD1-18-511,37.866482403785426,118.79664637411778
GD1-18-513,37.869287493549145,118.79582813311119
GD1-18-520,37.882037085123834,118.7870679120971
GD1-18-521,37.88375144580417,118.78599548289027
GD1-18-522,37.88521053104597,118.78482591162474
GD1-18-523,37.886828252695906,118.78388745291278
GD1-18-608,37.86332362383401,118.79938765009027
GD1-18-621,37.883909640179326,118.78477177171159
GD1-18-7,37.8620166434681,118.80017397405786
GD1-18-807,37.86121288178413,118.80133612103083
GD1-18-817,37.87775565184284,118.7898966280391
GD1-18-819,37.88028774508165,118.78836675669397
GD1-18-821,37.88384453678259,118.78490659241365
GD1-18-9,37.86515170131711,118.79795490633006
GD1-18-914,37.87064172401238,118.79356548757357
GD1-18C13,37.87181445458468,118.7928666196049
GD1-18C423,37.88656363587584,118.78381286826898
GD1-18C505,37.857459875574214,118.80360804312838
GD1-18N021,37.882979823907675,118.78668152778575
GD1-18N11,37.86835339846866,118.79505545461663
GD1-18N15,37.87492668552351,118.79021455261231
GD1-18N17,37.87778470504665,118.78887447254459
GD1-18N3,37.855532865726424,118.80487902841385
GD1-18N5,37.85902366348893,118.8032598457138
GD1-18N521,37.88384607032414,118.78621270061876
GD1-18N523,37.88672000331925,118.78397452209106
GD1-18NX507,37.86115838220795,118.80136547297036
GD1-18P219,37.87698468222638,118.78569997338681
GD1-18P322,37.883571624420156,118.78121742008985
GD1-18P405,37.85979249091403,118.80775533128835
GD1-18P413,37.874192833661205,118.79315156856423
GD1-18P613,37.8695666357044,118.79672128864013
GD1-18X005,37.85737490483495,118.80503757600624
GD1-18X007,37.861098762730236,118.80128789259068
GD1-18X009,37.864120750379676,118.79924795643146
GD1-18X207,37.863803657550754,118.79951295491207
GD1-18X212,37.88506591341032,118.78580196115487
GD1-18X221,37.886346112410436,118.78520705301732
GD1-18X23,37.886628418320754,118.78399629503824
GD1-18X524,37.88597120215558,118.7818890224637
GD1-18X525,37.8863794906107,118.78526332726967
GD1-18X526,37.886411941418416,118.78612875535967
GD1-18X813,37.871911090315216,118.79332352970489
GD1-18X910,37.865403326612345,118.79784739011781
GD1-18XN511,37.86674806927017,118.79547103402712
GD1-18XN7,37.863739065541466,118.79946593208594
GD1-1-9,37.85162098374003,118.76747384262501
GD1-19-1,37.854846516031856,118.80733910580611
GD1-19-10,37.869126762328136,118.79721060880229
GD1-19-11,37.8705928759222,118.79617801905586
GD1-19-12,37.8722595180031,118.79499115732864
GD1-19-13,37.87450627752852,118.79297733534295
GD1-1-913,37.85913088360383,118.7643808818409
GD1-19-14,37.87535344259352,118.79265693379959
GD1-19-15,37.87692654237282,118.79169495296222
GD1-19-16,37.87832853005379,118.79043329372112
GD1-19-17,37.880068206932286,118.78947526063544
GD1-19-172,37.88037541590185,118.78941450295275
GD1-19-18,37.88147432978704,118.78823633898963
GD1-19-19,37.883219528017264,118.78721015392931
GD1-19-2,37.856449878384765,118.80617391499378
GD1-19-20,37.88479358209652,118.78558874526345
GD1-19-21,37.886273036806365,118.78497659605632
GD1-19-3,37.85802082867004,118.80521240084944
GD1-19-4,37.8596221059888,118.80388799356616
GD1-19-41,37.858774750872094,118.80407185457092
GD1-19-411,37.86972387088056,118.79704329580262
GD1-19-413,37.87343191015669,118.79401954355893
GD1-19-5,37.86117347361781,118.80288046475276
GD1-19-502,37.85669333389622,118.80645254109434
GD1-19-51,37.86099699510433,118.8030806893704
GD1-19-522,37.884473696337075,118.7879679062046
GD1-19-523,37.88607377618792,118.78700636618612
GD1-19-526,37.8853430452197,118.78826172301059
GD1-19-6,37.862795152972424,118.80169280291479
GD1-19-609,37.86771192074913,118.79753986587933
GD1-19-7,37.86439066733362,118.80059535757529
GD1-19-709,37.867906553289075,118.79806731962947
GD1-19-711,37.87069436240866,118.79572592378784
GD1-19-713,37.874221928180205,118.79331137763131
GD1-19-715,37.87694733519399,118.79240008456503
GD1-19-717,37.87981675583013,118.78942371327989
GD1-19-8,37.86599621922988,118.79942993064861
GD1-19-807,37.86384096332153,118.80149101318106
GD1-19-811,37.87054820166197,118.79585874287099
GD1-19-815,37.87658713640631,118.79268684126137
GD1-19-819,37.88297295546868,118.78772702449957
GD1-19-9,37.86758755868191,118.79830956286732
GD1-19-91,37.86744659198315,118.79839704376762
GD1-19-916,37.87903714700312,118.79004130206448
GD1-19N1,37.854905428176835,118.80702242110432
GD1-19N13,37.874266951045165,118.79301699109558
GD1-19N14,37.87558203351605,118.79273066373054
GD1-19N16,37.87842880435995,118.79065166046587
GD1-19N17,37.8800820708518,118.78974836698862
GD1-19N2,37.856629978929874,118.80617831085277
GD1-19N21,37.88593167047942,118.78538890835547
GD1-19N3,37.858049023224616,118.80557667390163
GD1-19N41,37.8585946501835,118.80406746349823
GD1-19N51,37.86117709581721,118.80308507842128
GD1-19N713,37.8745613489694,118.79320596247162
GD1-19X007,37.86406897134195,118.79924669712648
GD1-19X019,37.88228477237836,118.78796043097174
GD1-19X519,37.8836552701557,118.78787991614776
GD1-19X520,37.88226856491698,118.78961944408056
GD1-19X521,37.88226925598269,118.78957399766072
GD1-19X524,37.88610632912417,118.78693895484422
GD1-19X525,37.88628846498673,118.78621590747238
GD1-19XN523,37.88513605371364,118.78808247145145
GD1-19XNB3,37.859000081799856,118.80744055480588
GD1-19XNB9,37.868510949578045,118.7974229194251
GD1-1C9,37.851517628706766,118.7676077076024
GD1-1G13,37.857920939363225,118.76321582351429
GD1-1G19,37.86736580397844,118.75616826354793
GD1-1G21,37.87059642882507,118.75413125539767
GD1-1N11,37.85497383393374,118.76525886775183
GD1-1N13,37.857746437113946,118.76343890660272
GD1-1N15,37.86094769955714,118.76126541694727
GD1-1N17,37.86387889257466,118.75892624027611
GD1-1N171,37.86360308889979,118.75914694229402
GD1-1N18,37.865477576069175,118.75698704482906
GD1-1N20,37.868811315610685,118.75513438823587
GD1-1N3,37.84352557141198,118.7735512043446
GD1-1N4,37.8460650540159,118.77465718497041
GD1-1N9,37.852070698789824,118.76737097026042
GD1-1NB13,37.85747414747408,118.7652276157477
GD1-1NB3,37.84206418870312,118.77383426732256
GD1-1NB4,37.844421802134505,118.77475411358927
GD1-1X421,37.871085940513986,118.75150638836847
GD1-1X501,37.844587951302366,118.77419009572112
GD1-1X619,37.86797488163905,118.75413726845524
GD1-1X620,37.868237285154244,118.75798441488539
GD1-1X816,37.86140662691265,118.76129906676154
GD1-1X915,37.86126538993473,118.76095482659537
GD1-1XN16,37.86238686127681,118.7585498849768
GD1-1XN414,37.86155033571751,118.76373409317557
GD1-2-10,37.857014700817274,118.76807986436067
GD1-2-11,37.85867886258935,118.76493821345021
GD1-2-13,37.8618561163109,118.76226423301594
GD1-2-15,37.865061055570905,118.76029520320431
GD1-2-17,37.86810526020193,118.7577767313439
GD1-2-171,37.868489523011306,118.75828586625751
GD1-2-19,37.8711033482,118.75577971128726
GD1-2-204,37.84732973172764,118.7717337888657
GD1-2-206,37.850162093056795,118.77118809621754
GD1-2-207,37.852863069214195,118.77009388062685
GD1-2-3,37.84695275076153,118.77463302424566
GD1-2-315,37.86318795420841,118.75904616815863
GD1-2-317,37.868403045109545,118.75864744909329
GD1-2-4,37.84736997188142,118.77205284454614
GD1-2-411,37.85844815975596,118.76620527273887
GD1-2-415,37.864542443724154,118.76169188807164
GD1-2-419,37.87076297963537,118.75715804764921
GD1-2-5,37.84947262965125,118.77180780146918
GD1-2-503,37.846388898775444,118.77468766899574
GD1-2-504,37.84750367430486,118.77394188282193
GD1-2-51,37.85031344894843,118.77205514655984
GD1-2-511,37.85648044625306,118.76586289947286
GD1-2-513,37.8604730582468,118.76393566298559
GD1-2-6,37.85051025520385,118.76990128112602
GD1-2-7,37.852555121633515,118.76990473561649
GD1-2-8,37.85400818590532,118.7673263463531
GD1-2-811,37.85930423425102,118.76438501538271
GD1-2-813,37.86159693238676,118.76378065454722
GD1-2-9,37.85598490047176,118.7676689594301
GD1-2C3,37.84669903866649,118.77458150068675
GD1-2C5,37.84936354159919,118.77187335477166
GD1-2CPN11,37.85779122837229,118.76513860222691
GD1-2N11,37.857790692954254,118.76514427048517
GD1-2N19,37.871039875540674,118.75550546584995
GD1-2N3,37.845693986512124,118.77596607122777
GD1-2N411,37.85826690321628,118.76717808962223
GD1-2N5,37.8496403921062,118.77337960712946
GD1-2N7,37.852945124275436,118.77077752157088
GD1-2X013,37.86131491876501,118.76095600540162
GD1-2X04,37.84743063926889,118.7714635529961
GD1-2X20,37.87045292049348,118.75378693124335
GD1-2X208,37.85291068811165,118.77007229691012
GD1-2X615,37.86824527240459,118.75805278678037
GD1-2X617,37.868047496339,118.7580253589403
GD1-2X815,37.86472643883501,118.75842368701188
GD1-2XN415,37.86565300204725,118.76287738855773
GD1-3-019,37.870718538052074,118.75681607004537
GD1-3-07,37.851529408114104,118.77251598005947
GD1-3-09,37.855085989407016,118.77023794160058
GD1-3-10,37.85600411666032,118.76998722156631
GD1-3-11,37.85819302020469,118.7674490160041
GD1-3-12,37.85961904444649,118.7663695694184
GD1-3-13,37.86109718019395,118.7652686003138
GD1-3-14,37.86267572571911,118.76407907996824
GD1-3-15,37.86418782085765,118.7631151874546
GD1-3-16,37.86585864981161,118.76192777162417
GD1-3-17,37.86743007024291,118.7607606643181
GD1-3-19,37.87042157685704,118.7586045306062
GD1-3-21,37.87312241066507,118.75630494996165
GD1-3-211,37.857995723678115,118.76798968370402
GD1-3-3,37.84534880004077,118.77675299952304
GD1-3-313,37.862512115438975,118.76357521621968
GD1-3-411,37.85789768557978,118.76866906562252
GD1-3-412,37.858218246776104,118.76951752454325
GD1-3-415,37.86357134857676,118.76457767943184
GD1-3-419,37.87003547018079,118.76002720832109
GD1-3-5,37.848475656058575,118.77460137049125
GD1-3-502,37.84763813881818,118.77876195003402
GD1-3-503,37.84745993365365,118.7753495314661
GD1-3-504,37.848467717226846,118.7737832159625
GD1-3-7,37.85173054295457,118.77202090772437
GD1-3-720,37.87136303111154,118.75769505467757
GD1-3-813,37.860821169559294,118.7661028419991
GD1-3-815,37.863750202621866,118.76376381097138
GD1-3-817,37.86739535330975,118.76232800675338
GD1-3-819,37.87031921310302,118.75912484056731
GD1-3-9,37.854743526978964,118.76979800955796
GD1-3-907,37.85051793957591,118.77103755833468
GD1-3-913,37.86071793885347,118.7653277273013
GD1-3-915,37.86460805550777,118.76287521418854
GD1-3C15,37.863927637775056,118.76349532899563
GD1-3C503,37.84746477876524,118.77532692675057
GD1-3N12,37.85950415632435,118.76607140642632
GD1-3N13,37.8613345892647,118.76520608896028
GD1-3N14,37.86247229518253,118.76427875948848
GD1-3N141,37.862275427479275,118.76509218294456
GD1-3N16,37.86589556173091,118.76201955726067
GD1-3N17,37.86738160040349,118.76144132302613
GD1-3N3,37.84559059831412,118.77819018381294
GD1-3N411,37.85808707029002,118.76835545346174
GD1-3N7,37.8517883929464,118.77206773726802
GD1-3N9,37.854510490952116,118.76926980541344
GD1-3NB7,37.85179166997906,118.77199964896097
GD1-3X03,37.844292453797046,118.77929500013262
GD1-3X207,37.85357854054001,118.7707274624828
GD1-3X721,37.87105948233558,118.75509682308149
GD1-4-015,37.86283718472226,118.76712816960266
GD1-4-07,37.85093632507688,118.77466036581589
GD1-4-09,37.85236363565712,118.77364935779623
GD1-4-10,37.85360943699283,118.77167960605168
GD1-4-11,37.85718856455832,118.77044730648367
GD1-4-13,37.860410072916295,118.76843369604524
GD1-4-15,37.86304047951454,118.76633762484201
GD1-4-17,37.86664878572186,118.76360565115391
GD1-4-19,37.86966981960776,118.76158672483
GD1-4-204,37.84635246644781,118.77993524692528
GD1-4-206,37.84952617784542,118.77692143257735
GD1-4-21,37.87264451251232,118.75874830188192
GD1-4-210,37.85371277025912,118.77229559658078
GD1-4-216,37.86490682568479,118.76573266757006
GD1-4-313,37.86069100619105,118.76637243516227
GD1-4-317,37.86614091692318,118.76518441155747
GD1-4-321,37.87242268642111,118.75822026810903
GD1-4-411,37.856847547460696,118.7720070906663
GD1-4-415,37.8627235282669,118.76764814438836
GD1-4-5,37.847585467189354,118.77628410118432
GD1-4-504,37.84862508401414,118.77887655133503
GD1-4-505,37.848635247058134,118.77730902811945
GD1-4-506,37.85008984107511,118.77568526955046
GD1-4-511,37.85725338686392,118.76988075887625
GD1-4-612,37.856021235100144,118.77244177527338
GD1-4-7,37.850542544735816,118.77478725550466
GD1-4-8,37.85157804572565,118.77526652916819
GD1-4-81,37.850749029120564,118.7761782440611
GD1-4-815,37.86327549409968,118.76568418746928
GD1-4-817,37.86631050512078,118.7646884699663
GD1-4-819,37.86893815380253,118.76352386945503
GD1-4-821,37.87210514399088,118.7607810441208
GD1-4-823,37.87250875496631,118.7587905308665
GD1-4-9,37.85239315332652,118.7740817914335
GD1-4-907,37.85066666247259,118.77551733244638
GD1-4-909,37.85200034771417,118.77384515274683
GD1-4-91,37.85290028681949,118.77450295430091
GD1-4-916,37.86023392642043,118.76831586171653
GD1-4-920,37.86316744404921,118.7671815095191
GD1-4G12,37.855256704862285,118.77176448792036
GD1-4G16,37.8591112024755,118.76899349042614
GD1-4G18,37.86113936149765,118.7678602732754
GD1-4G22,37.865025292317505,118.76508961247075
GD1-4G6,37.84935753275685,118.77600852430574
GD1-4J6,37.847973320850976,118.77699776126776
GD1-4N12,37.855009745650946,118.7717131289234
GD1-4N13,37.860369483168085,118.76813730217404
GD1-4N16,37.85892099420133,118.769511605566
GD1-4N17,37.866724911955224,118.76333474360732
GD1-4N18,37.86141845532373,118.76757151393444
GD1-4N19,37.86972019155289,118.76213339165167
GD1-4N21,37.87248479469657,118.7585854031514
GD1-4N411,37.857180363798314,118.77099248425789
GD1-4N511,37.85751439820655,118.7700460698337
GD1-4N6,37.84897901989904,118.77631754179492
GD1-4N8,37.85199976786095,118.77448136361949
GD1-4P204,37.84966878884497,118.78022425726407
GD1-4X217,37.866331714449096,118.76484806315052
GD1-4X23,37.87263406003275,118.75854349498253
GD1-5-06,37.85102160820039,118.77975213937998
GD1-5-10,37.85652657378273,118.77343099833537
GD1-5-101,37.85657909155865,118.77368221787142
GD1-5-11,37.857991947894114,118.77228446105872
GD1-5-12,37.859656651795845,118.771210824631
GD1-5-14,37.86253386258604,118.7690298725782
GD1-5-15,37.864238312997415,118.76770706331938
GD1-5-16,37.86589779371521,118.76667856651957
GD1-5-17,37.86737674859488,118.7653729910768
GD1-5-18,37.868608935777054,118.764152389002
GD1-5-20,37.871958928524144,118.76182307359417
GD1-5-203,37.8467766478045,118.78196758729722
GD1-5-204,37.84686985952684,118.78235608320429
GD1-5-214,37.861978815609966,118.76894842502139
GD1-5-22,37.874004818654,118.75934887958635
GD1-5-3,37.845450190006815,118.78107228733495
GD1-5-313,37.86039696209965,118.7694560036333
GD1-5-316,37.865703839096966,118.76819661314731
GD1-5-4,37.84697595613422,118.77906412903491
GD1-5-410,37.85618683731955,118.77460448383827
GD1-5-414,37.86214851903761,118.7705432637102
GD1-5-418,37.8679977765405,118.76616053910608
GD1-5-5,37.84854281575015,118.77880641057634
GD1-5-504,37.85002413348363,118.77988720682275
GD1-5-505,37.84983132549215,118.77699692296157
GD1-5-506,37.85135222863375,118.77635177409674
GD1-5-6,37.851055642445814,118.779139463571
GD1-5-61,37.85010127093397,118.77791227248815
GD1-5-611,37.85772822612101,118.77334617641768
GD1-5-614,37.86341732124951,118.76943733637852
GD1-5-62,37.85086565756389,118.78038460395882
GD1-5-7,37.851712139645095,118.77667852308879
GD1-5-71,37.85128506516279,118.77766804309869
GD1-5-710,37.856970996697314,118.77278265756955
GD1-5-712,37.859803550073366,118.7705780488455
GD1-5-714,37.86223805655544,118.76893189780314
GD1-5-715,37.86541854093098,118.76709892398566
GD1-5-720,37.87223364483533,118.76332970329496
GD1-5-721,37.87338991842914,118.76010703530747
GD1-5-8,37.85234664677027,118.77776170779717
GD1-5-81,37.85166333799831,118.78065373592563
GD1-5-814,37.86262344337319,118.76846387464589
GD1-5-815,37.86230264933882,118.76972883447164
GD1-5-816,37.86551357283586,118.76766935621662
GD1-5-818,37.868640678295186,118.76503951691436
GD1-5-905,37.84934981425013,118.7800982067839
GD1-5-906,37.84989026974482,118.77861157548861
GD1-5-907,37.851060681284245,118.77686738340276
GD1-5C06,37.85102160820039,118.77975213937998
GD1-5G13,37.86108646642262,118.76988154528821
GD1-5G19,37.87045817797133,118.76308282239472
GD1-5G21,37.87356339387252,118.76115669718311
GD1-5G9,37.85460246396517,118.77468010670268
GD1-5N101,37.85664789128136,118.77300215457265
GD1-5N11,37.85796208252265,118.77187471102604
GD1-5N12,37.8594973517846,118.7713206345034
GD1-5N13,37.8609517919462,118.77015102468437
GD1-5N131,37.861117625313064,118.77065494497161
GD1-5N15,37.86406257451882,118.76786194647916
GD1-5N16,37.866248244790576,118.76643694211134
GD1-5N17,37.86795465186685,118.76543223765506
GD1-5N316,37.86578338773475,118.76769853001692
GD1-5N414,37.862133221224035,118.77111103356972
GD1-5N5,37.84872322094172,118.77849264777089
GD1-5N7,37.8513531553024,118.7767380721597
GD1-5N712,37.859261730709434,118.77081505379576
GD1-5N9,37.85470597240281,118.7743871879971
GD1-5NB15,37.863780001006894,118.7680824536213
GD1-5NB5,37.84896949068964,118.77858945032446
GD1-5P511,37.859900104193315,118.77478443729059
GD1-5P512,37.86404589990762,118.77002052103379
GD1-5P615,37.86305562961907,118.76742882175623
GD1-5X215,37.8637126059908,118.76954598363865
GD1-5X908,37.85174488333537,118.77465703059825
GD1-5XN3,37.846363913767554,118.78007184554868
GD1-6-11,37.85894060852134,118.77419331202178
GD1-6-13,37.86191986380987,118.77196949021092
GD1-6-15,37.86502700005076,118.76947583653387
GD1-6-17,37.86819930662004,118.7674380806413
GD1-6-18,37.869970796146916,118.76554854236238
GD1-6-19,37.871315906681616,118.76505790083404
GD1-6-208,37.85373262495557,118.77695425512319
GD1-6-21,37.874243090847685,118.7629912186308
GD1-6-313,37.859313372204944,118.7727706025422
GD1-6-315,37.86477085766146,118.77108327372663
GD1-6-319,37.87005802871318,118.7699371062448
GD1-6-409,37.85600274609505,118.77784953504106
GD1-6-413,37.861464692964994,118.77348117921919
GD1-6-417,37.8677490345841,118.76892731534143
GD1-6-420,37.87300782977764,118.76366636498153
GD1-6-5,37.847749763446885,118.7840359008818
GD1-6-505,37.85237489954551,118.77917117617572
GD1-6-506,37.853072891478085,118.77739286771097
GD1-6-509,37.85442203845031,118.77812968378386
GD1-6-511,37.857030187402714,118.77662440749353
GD1-6-513,37.86047822970068,118.7731848352555
GD1-6-515,37.863689893260066,118.77108012162928
GD1-6-6,37.851302294151495,118.7795089458125
GD1-6-609,37.85677966312252,118.7759139557416
GD1-6-61,37.84972406264082,118.7802208151155
GD1-6-611,37.858536261393645,118.7753198329369
GD1-6-62,37.848638841198124,118.78228507107679
GD1-6-7,37.85339415948797,118.77878666971843
GD1-6-71,37.85242095574904,118.78044473914127
GD1-6-8,37.853639692405295,118.77624761669719
GD1-6-815,37.86480539234709,118.77058412279263
GD1-6-817,37.86781631176477,118.76774711016552
GD1-6-819,37.8708462188684,118.76634219565258
GD1-6-9,37.856007664314205,118.7760317702892
GD1-6-905,37.8476951440168,118.78333023470972
GD1-6-906,37.8513280488014,118.77914601156726
GD1-6-907,37.85256915696594,118.7788350088556
GD1-6-91,37.855255046596774,118.77605915462648
GD1-6-914,37.86259191854932,118.77175833037113
GD1-6-919,37.870866784900606,118.76406987274319
GD1-6C420,37.8730080000059,118.76365500463908
GD1-6CP409,37.85600274609505,118.77784953504106
GD1-6N13,37.86221087865163,118.77238551827837
GD1-6N15,37.86467893395121,118.76955841615738
GD1-6N19,37.87153388083849,118.76554039796807
GD1-6N420,37.87384213393624,118.76479998505576
GD1-6N505,37.8519166254525,118.778796603476
GD1-6N62,37.84860069180216,118.7818297276291
GD1-6NB19,37.87139899774744,118.76492351393804
GD1-6P202,37.85104570907982,118.77594326052301
GD1-6P413,37.86322883144833,118.76909194160424
GD1-6P615,37.86495293338022,118.7742465883054
GD1-6X05,37.84678377847937,118.78224040718213
GD1-6X320,37.87267387972484,118.76357669160527
GD1-6X908,37.85372367578065,118.77620418667843
GD1-6XN611,37.85805877487678,118.77726265559417
GD1-7-011,37.861231738833766,118.77638441432953
GD1-7-03,37.8490739188475,118.78463584965645
GD1-7-04,37.8497977865354,118.78279013063916
GD1-7-041,37.84977367884251,118.7824487259396
GD1-7-10,37.85963415522937,118.7761415375529
GD1-7-101,37.859708494170036,118.77643874280041
GD1-7-11,37.86117644140148,118.77497412869698
GD1-7-12,37.86282663377569,118.7739683388332
GD1-7-13,37.864407171997186,118.77280175318806
GD1-7-14,37.86595202070258,118.7716115374875
GD1-7-15,37.86747591310794,118.770466225733
GD1-7-16,37.86909816920193,118.7693686758805
GD1-7-17,37.87066447470892,118.76824701339763
GD1-7-18,37.87239388716413,118.76706101588667
GD1-7-19,37.87367930658971,118.76604619476173
GD1-7-20,37.87446159384209,118.7655421034755
GD1-7-21,37.87692543555901,118.76373706784577
GD1-7-3,37.84868404768678,118.78405841836442
GD1-7-309,37.85755789508008,118.77806868992214
GD1-7-315,37.86401155043612,118.77424673733704
GD1-7-4,37.85113827150439,118.78216347957024
GD1-7-407,37.85472797898339,118.78172728974151
GD1-7-41,37.84986572968974,118.78335980785444
GD1-7-411,37.86088748549589,118.77651249944114
GD1-7-415,37.8671473161327,118.77179925277464
GD1-7-419,37.87345170935331,118.76890460480729
GD1-7-42,37.85047967546403,118.78207945642733
GD1-7-5,37.85185483616142,118.78183989993639
GD1-7-51,37.852287492146175,118.78241837551718
GD1-7-52,37.85343398728422,118.78151435523755
GD1-7-6,37.85337119001465,118.78060393506838
GD1-7-609,37.859279295329344,118.77831457538888
GD1-7-7,37.855012078222536,118.77962087029586
GD1-7-707,37.854745243094555,118.77984168504884
GD1-7-709,37.85823746218593,118.77706242936193
GD1-7-711,37.86076504205196,118.77537330944162
GD1-7-713,37.864320596309625,118.77286785686476
GD1-7-715,37.86783244206549,118.77027021438347
GD1-7-717,37.87011317474335,118.76866566366597
GD1-7-8,37.85662277235368,118.77825073423918
GD1-7-811,37.86123663763749,118.77456652009606
GD1-7-815,37.86736415076857,118.77100899989556
GD1-7-817,37.86968710786496,118.7700418692085
GD1-7-9,37.85814657525874,118.77726476440114
GD1-7-903,37.8492414137685,118.78502615233965
GD1-7-905,37.85188700817722,118.78149984063377
GD1-7-907,37.85532748726119,118.78006019816871
GD1-7-909,37.858562614697576,118.77775196776142
GD1-7-911,37.86154917726373,118.77534667459832
GD1-7-917,37.86965779376329,118.76899569094728
GD1-7-918,37.871218569596955,118.76794206503068
GD1-7C03,37.849201394372535,118.78484341589241
GD1-7CN17,37.87024321232894,118.76780511147021
GD1-7CP04,37.84924195173939,118.7818985594664
GD1-7N04,37.849438424627344,118.78257698173161
GD1-7N11,37.86155186881936,118.7748695090139
GD1-7N12,37.86270511534745,118.77426085795469
GD1-7N13,37.864403497329434,118.7725971299589
GD1-7N16,37.868875151279255,118.76952243371866
GD1-7N17,37.87037624275014,118.76794465890015
GD1-7N19,37.8735785447502,118.76615743344061
GD1-7N3,37.84848559020954,118.78407635639314
GD1-7N315,37.86388401232645,118.77478910182019
GD1-7N41,37.85019388674099,118.7832541057073
GD1-7N415,37.86692483643579,118.77206664683561
GD1-7N8,37.85644080229471,118.77851904545177
GD1-7X217,37.87211122748745,118.76760531536155
GD1-7X3005,37.858080821401934,118.78118594436206
GD1-7X3006,37.85815652482622,118.78112425254521
GD1-7X904,37.85032296114903,118.78216657037466
GD1-7XNB11,37.86139706521364,118.77477648543994
GD1-8-03,37.85115580191953,118.78427705010155
GD1-8-11,37.86064059798873,118.77809731874643
GD1-8-13,37.86372191716518,118.77583060519794
GD1-8-15,37.86671274907222,118.77328881557067
GD1-8-17,37.86990386968638,118.77150163742573
GD1-8-19,37.87303678790223,118.76894013823737
GD1-8-2,37.84856411965886,118.78721377779263
GD1-8-20,37.8746915009049,118.76822965106606
GD1-8-204,37.85054768850006,118.7851712639263
GD1-8-3,37.85096446936922,118.78456782319918
GD1-8-309,37.856841782077275,118.78193724998167
GD1-8-31,37.84997402705744,118.78602085115972
GD1-8-313,37.86347239964724,118.77714271417146
GD1-8-317,37.869884371645256,118.77279665602437
GD1-8-4,37.85121397879005,118.78623254781553
GD1-8-407,37.853778549382135,118.7843402807575
GD1-8-41,37.850454200310885,118.78791834696719
GD1-8-411,37.860657547808934,118.7792112491368
GD1-8-42,37.850094012939536,118.78820502840611
GD1-8-5,37.852987156514324,118.78454842640114
GD1-8-503,37.8507184945811,118.78385751404926
GD1-8-509,37.856116147259996,118.78166981768885
GD1-8-51,37.851767330401664,118.78479168105306
GD1-8-511,37.85921790411467,118.78029013282695
GD1-8-513,37.862197439215905,118.7768621092058
GD1-8-515,37.86477821559854,118.77537870995785
GD1-8-6,37.852572866002745,118.78394765310901
GD1-8-61,37.852587062138426,118.78390255036206
GD1-8-611,37.861702145565616,118.77923636897383
GD1-8-7,37.85410468634741,118.78303021403755
GD1-8-9,37.857981485473466,118.7807375921662
GD1-8-904,37.85070300086946,118.78710636947733
GD1-8-905,37.851848137906394,118.78406651816422
GD1-8-910,37.85788204955378,118.78046251002488
GD1-8C11,37.860881485997716,118.7781031077233
GD1-8CN11,37.860898081918414,118.77789898122926
GD1-8N11,37.860898081918414,118.77789898122926
GD1-8N13,37.863813781958605,118.7752646617922
GD1-8N17,37.86949983173107,118.7723101578088
GD1-8N317,37.8695190842967,118.7734242765567
GD1-8N511,37.859491494048974,118.78006946949884
GD1-8NB17,37.869938065125915,118.77102517185718
GD1-8P202,37.85194813228974,118.78303188417291
GD1-8P204,37.85199092041721,118.78301416909233
GD1-8X011,37.85934638104946,118.78013415213623
GD1-8X031,37.85097233250168,118.78538600350063
GD1-8X201,37.84902820447297,118.78468019021899
GD1-8X202,37.848584198731224,118.78707793524728
GD1-8X211,37.85764553031037,118.7804656814778
GD1-8X219,37.87220078078823,118.76759268210854
GD1-8X3006,37.858485275566586,118.78179469228837
GD1-8X3007,37.858194375667814,118.78109346337993
GD1-8X3306,37.858118673977145,118.78115504167944
GD1-8X615,37.86495224849559,118.77429202446787
GD1-8X815,37.864993507167625,118.77454300338486
GD1-8X902,37.8497239735382,118.78617386856396
GD1-8XN15,37.86628312989511,118.77250580883386
GD1-8XN309,37.857703934264755,118.78054116713578
GD1-8XN509,37.85493031567468,118.78234568726747
GD1-8XN815,37.866055717920126,118.77638661408778
GD1-8XN9,37.85973424173988,118.78114336891488
GD1-8XNB509,37.853433924536375,118.78279784709709
GD1-9-04,37.85046778885846,118.78939559207345
GD1-9-10,37.85982135444336,118.78119091529472
GD1-9-11,37.86141184227311,118.78011567018584
GD1-9-12,37.86296332311695,118.7787894596938
GD1-9-13,37.864544291797344,118.77789570009557
GD1-9-14,37.86607724708424,118.77675075720151
GD1-9-15,37.86788465441338,118.77547599275759
GD1-9-16,37.8691517893093,118.77448366687716
GD1-9-17,37.870809904050944,118.7732506735728
GD1-9-18,37.872549737470024,118.77197412690369
GD1-9-19,37.873941549828515,118.77107558297732
GD1-9-191,37.873278301969414,118.77115061509198
GD1-9-204,37.849802344750266,118.78753905571561
GD1-9-210,37.85980090392998,118.78105407485711
GD1-9-3,37.8487715243414,118.78912737286088
GD1-9-309,37.856136408629894,118.78523790378523
GD1-9-31,37.8494870864154,118.78916739014122
GD1-9-313,37.86261731138671,118.78007649753351
GD1-9-317,37.86875502319033,118.7754059744004
GD1-9-4,37.851176789776446,118.78986717314356
GD1-9-406,37.852890030341,118.78709101018728
GD1-9-409,37.85933892452227,118.78315633734334
GD1-9-41,37.851494835906706,118.78835248286913
GD1-9-410,37.85962890576455,118.78229978963758
GD1-9-414,37.86541656984664,118.77784848415232
GD1-9-418,37.872233166427435,118.77385301078672
GD1-9-419,37.873981389309385,118.77112199522414
GD1-9-5,37.85177511844944,118.78695047864011
GD1-9-502,37.85114435011938,118.78607181334178
GD1-9-503,37.85265778024341,118.78458592942962
GD1-9-507,37.85506132874481,118.78514379924715
GD1-9-51,37.851734270478886,118.78726760310734
GD1-9-6,37.85351577858884,118.78562914187584
GD1-9-61,37.85237871982763,118.78576076522516
GD1-9-610,37.86036107362596,118.78213562727981
GD1-9-705,37.852463117875864,118.7865808086689
GD1-9-708,37.85655766714239,118.78433911921441
GD1-9-71,37.85464033874089,118.78513364418653
GD1-9-710,37.860171745562454,118.78169929591742
GD1-9-712,37.863024185765155,118.77938179087165
GD1-9-713,37.864746262730776,118.77824144724126
GD1-9-714,37.86548599277008,118.77653201849753
GD1-9-716,37.86969028596172,118.7740193029066
GD1-9-717,37.872188733450095,118.77141999296579
GD1-9-8,37.85667949814434,118.78343310801635
GD1-9-816,37.8683765109977,118.77571507212225
GD1-9-817,37.86935709482921,118.77401131159527
GD1-9-902,37.85126872079259,118.78648381149453
GD1-9-904,37.85201422339491,118.78900125631455
GD1-9-915,37.86891834005648,118.7744326113938
GD1-9-916,37.870442456326934,118.7734236880003
GD1-9-917,37.871167841322354,118.77221375750064
GD1-9-918,37.87268646880015,118.77156828663902
GD1-9C15,37.86789571568142,118.77533989508117
GD1-9C710,37.86010436246915,118.78153859986804
GD1-9C9,37.858226354969744,118.78226600669092
GD1-9G7,37.855142509528505,118.78469129258332
GD1-9G9,37.858271224321584,118.78242615692162
GD1-9N10,37.859980852031406,118.78121747960802
GD1-9N11,37.86140508841183,118.78011550769038
GD1-9N13,37.86442501492001,118.77818827316845
GD1-9N17,37.87119154380458,118.77303254128506
GD1-9N19,37.873950669429775,118.77166675720535
GD1-9N3,37.848320562290446,118.78886654050503
GD1-9N5,37.85201825694282,118.78695634893131
GD1-9N9,37.858891516009095,118.78221385477255
GD1-9P10,37.86225416713048,118.78011321119708
GD1-9P511,37.86245751538511,118.77664110012341
GD1-9P512,37.861274840961386,118.77740808116839
GD1-9P513,37.86310873026008,118.77392965145664
GD1-9P614,37.86495122113578,118.7743601787087
GD1-9P9,37.85923771364363,118.78240398940133
GD1-9X03,37.8493828218444,118.78891493380405
GD1-9X213,37.86060594572424,118.78258625225743
GD1-9X3005,37.858447076378276,118.78182467746916
GD1-9X3008,37.85823596673101,118.78105958282052
GD1-9X3009,37.8617355325089,118.77896446837916
GD1-9X3305,37.85840887718286,118.78185466261942
GD1-9X3307,37.85827381755686,118.78102879359002
GD1-9X3308,37.858348261902044,118.7809669575325
GD1-9X715,37.8661014294282,118.77634225848811
GD1-9X907,37.85784759305927,118.78050712914082
GD1-9XN12,37.861471771358254,118.77864815458713
GD1-9XN8,37.85472250943026,118.78238612870388
GD1B108,37.865909201618344,118.79258713096482
GD1B2,37.85422443406311,118.79530349248382
GD1B29,37.87603565398036,118.7776718899788
GD1B46,37.863671443477024,118.7928283440303
GD1GQ6,37.87330240818525,118.75389995894862
GD1Q0-15,37.86341999717845,118.7567790980159
GD1Q0-17,37.86648654144312,118.75396561441026
GD1Q0-71,37.850666474156995,118.76549696354535
GD1Q0XN71,37.85179542639277,118.7677052310765
GD1Q15-9,37.864659198241256,118.79126145096633
GD1Q15N9,37.864241088771855,118.79138768343167
GD1Q17-6,37.859749467820954,118.79968704578087
GD1Q3-5,37.848717413473935,118.77365287158138
GD1Q3N5,37.84867537692155,118.7739017985571
GD1Q4-8,37.85130139527487,118.77515309975625
GD1Q7-19,37.87344906234909,118.7663816305508
GD1Q7-8,37.85607405830828,118.77760128917198
GD1Q8-11,37.860471449354826,118.77841140249997
GD1Q8-7,37.85405621991248,118.7832562755278
GD1QX1-3,37.84572681423286,118.7679795047158
GD1X1-01,37.84322324322814,118.770025828198
GD1X1-03,37.845831619737794,118.76723904935469
GD1X1-05,37.84911191683184,118.765416713876
GD1X1-07,37.851668146386906,118.76273624594697
GD1X1-1,37.84325196932149,118.76937332533207
GD1X1-10,37.85643124781153,118.75970360013241
GD1X1-11,37.85812466065288,118.75863038218384
GD1X1-111,37.85812005962317,118.75881774782384
GD1X1-12,37.85964701190334,118.75742920352538
GD1X1-13,37.86108664353897,118.75633736627518
GD1X1-14,37.86268438832326,118.75497198558948
GD1X1-16,37.86529712834835,118.750960246767
GD1X1-17,37.86815648626812,118.75095520121177
GD1X1-2,37.84475070446948,118.76975108194793
GD1X1-413,37.86066386835432,118.75780445746156
GD1X1-417,37.86755805320132,118.75218421178145
GD1X1-5,37.84850799882074,118.76507966850012
GD1X1-615,37.86479662219469,118.75400349879148
GD1X1-616,37.8650831577786,118.75225706440504
GD1X1-618,37.866514010347814,118.7518791464314
GD1X1-7,37.85178942560066,118.76293909045812
GD1X1-813,37.86136459177293,118.75612352930763
GD1X1-820,37.86866554690637,118.75064679350437
GD1X1-9,37.85480337724899,118.7607306109644
GD1X1N1,37.84324918641544,118.76931873168908
GD1X1N10,37.8563240483721,118.75946245230314
GD1X1N13,37.86041676810622,118.7562532903233
GD1X1N14,37.86293852904945,118.75508596125238
GD1X1N15,37.86415092642492,118.753826152822
GD1X1N5,37.84904144364102,118.76573086095988
GD1X1N9,37.85454424543529,118.76040859419683
GD1X1NB14,37.8629343820752,118.75506200085736
GD1X1X02,37.84328567812814,118.76988759501889
GD1X1X203,37.84723661173146,118.76642055785709
GD1X1XN1,37.84409686891135,118.77027845778005
GD1X1XN201,37.841902822545585,118.77402124272064
GD1X2-412,37.85849612595824,118.75698033235858
GD1X2-414,37.861530120610446,118.75468894672119
GD1X2-418,37.86685380904535,118.75047437287559
GD1X2-420,37.86895992358942,118.74938783333205
GD2-20-01,37.85606771695844,118.80906182855922
GD2-20-1,37.855852571561336,118.80957920699282
GD2-20-10,37.863288101440126,118.80288654388035
GD2-20-12,37.86521274228201,118.80309253220072
GD2-20-13,37.86537359149909,118.80082381886943
GD2-20-14,37.86645680297026,118.80067973834495
GD2-20-15,37.86699338453666,118.80211322748688
GD2-20-16,37.868438085048496,118.80071660584196
GD2-20-17,37.87010668041109,118.79940492445937
GD2-20-18,37.86961023323974,118.7982905558878
GD2-20-2,37.85695854253531,118.80736796476641
GD2-20-20,37.87163428537713,118.79847613808487
GD2-20-22,37.872710103695546,118.79616125265746
GD2-20-224,37.874242844514626,118.79648827489962
GD2-20-23,37.87327497515646,118.79722049573837
GD2-20-24,37.874758405909006,118.79623373065441
GD2-20-26,37.87584145628162,118.79403253918954
GD2-20-27,37.876781443768934,118.7947145105441
GD2-20-28,37.877855298579334,118.79400184276047
GD2-20-3,37.85590617562185,118.807262730182
GD2-20-30,37.879186304366144,118.79237480166063
GD2-20-318,37.869083080606934,118.79859592443856
GD2-20-32,37.88105934794281,118.79182919718738
GD2-20-322,37.87316226754166,118.79575175236762
GD2-20-326,37.87637032790585,118.7933180181686
GD2-20-36,37.88446475437553,118.78944528634366
GD2-20-38,37.88528027714194,118.78675985913759
GD2-20-4,37.85909653693432,118.80746563531983
GD2-20-40,37.88713293978574,118.78755483226215
GD2-20-415,37.87814674996498,118.79438396377004
GD2-20-417,37.879542878108396,118.79321311691248
GD2-20-419,37.88137088182348,118.79148441233657
GD2-20-42,37.88834616818534,118.78240094374965
GD2-20-421,37.88358208496271,118.78943528692918
GD2-20-423,37.88574411619642,118.7882486926553
GD2-20-5,37.858920125405966,118.80516616762029
GD2-20-504,37.85738172436903,118.8062080216676
GD2-20-533,37.88257511115232,118.79049066785663
GD2-20-535,37.88401709223555,118.7892639595212
GD2-20-6,37.85983137500705,118.80507477606962
GD2-20-615,37.86750232300025,118.80240971383647
GD2-20-616,37.869701885364336,118.80113374375657
GD2-20-618,37.869214184740684,118.7982695632278
GD2-20-638,37.885183118743534,118.78663248215368
GD2-20-8,37.86223502010619,118.80517886917377
GD2-20-9,37.86247312478745,118.80316211466561
GD2-20C16,37.868331762413156,118.80060038122271
GD2-20C3,37.85584715064808,118.80699996965144
GD2-20C5,37.858920125405966,118.80516616762029
GD2-20C8,37.862324547756195,118.80521514168058
GD2-20N10,37.86340481891652,118.80291211393765
GD2-20N12,37.865096720892744,118.80302152558347
GD2-20N14,37.86657765975833,118.80102358095596
GD2-20N18,37.86946927632051,118.79808258037643
GD2-20N2,37.856893065924204,118.80752543154892
GD2-20N20,37.871406729075666,118.79862970207398
GD2-20N21,37.85654860791333,118.807664721216
GD2-20N22,37.87277868174698,118.79609473228388
GD2-20N24,37.874290316736165,118.79621099665889
GD2-20N26,37.87604389553185,118.79463978605632
GD2-20N27,37.877376123718264,118.79470621391972
GD2-20N3,37.85621832223327,118.80805431443035
GD2-20N30,37.87905451566841,118.79215566650323
GD2-20N36,37.884519821322314,118.78937842249285
GD2-20N38,37.88484592742781,118.78629471334307
GD2-20N4,37.85896055725917,118.80781454109955
GD2-20N6,37.86036378139235,118.80618991688495
GD2-20NB6,37.86063607896236,118.80546936825013
GD2-20P41,37.88512429342613,118.78486929443442
GD2-20P515,37.87128309890549,118.79817213220639
GD2-20P520,37.87474627988072,118.796437999268
GD2-20X210,37.86385335897273,118.79950280091592
GD2-20X304,37.856267248365086,118.80721473955147
GD2-20X306,37.860989017051224,118.80712554149544
GD2-20X406,37.86024090320352,118.80715271896443
GD2-20X41,37.886735131677526,118.7870564537323
GD2-20X510,37.863768749163455,118.80150061762959
GD2-20X613,37.86716204519559,118.80227642463966
GD2-21-11,37.87058163081694,118.80074606410209
GD2-21-13,37.873687781822596,118.79850334647601
GD2-21-15,37.87684861710949,118.79621631348894
GD2-21-17,37.87999850121824,118.79405384360311
GD2-21-19,37.88288407791998,118.79149834800913
GD2-21-21,37.886241364102695,118.7899088495382
GD2-21-215,37.87643956183454,118.79704737831888
GD2-21-23,37.88928046128915,118.7873225961991
GD2-21-3,37.85801307543292,118.8096774891987
GD2-21-4,37.858292199838615,118.80851402247275
GD2-21-416,37.87990913659095,118.79518821683958
GD2-21-418,37.88100672048392,118.79410103926224
GD2-21-420,37.88240475035334,118.79280516615684
GD2-21-422,37.884292671900255,118.79128242868389
GD2-21-5,37.86105652303353,118.80742261523271
GD2-21-505,37.85967759737728,118.8068776282465
GD2-21-508,37.86962240450659,118.80102953389132
GD2-21-512,37.87301689521863,118.79878250447331
GD2-21-514,37.874696887351384,118.7979028341603
GD2-21-516,37.875392940156416,118.7957979639642
GD2-21-518,37.878246325552745,118.79376129634103
GD2-21-531,37.88075994759978,118.79374271912563
GD2-21-533,37.88236595512133,118.7923950566853
GD2-21-537,37.88538033397367,118.78966067586136
GD2-21-6,37.8613540417034,118.80564596382811
GD2-21-7,37.86432758347241,118.80518447697865
GD2-21-8,37.864469631481725,118.80338122190595
GD2-21-9,37.86735837494554,118.80298574347098
GD2-21CN9,37.86798604959759,118.80241127350033
GD2-21N11,37.87109497689601,118.79957670117483
GD2-21N13,37.87377195167544,118.79830083302474
GD2-21N21,37.88699657953242,118.79000670211539
GD2-21N23,37.88915594341758,118.7872172835322
GD2-21N3,37.857835070506134,118.80953679186615
GD2-21N5,37.86121320619332,118.80777868095251
GD2-21N516,37.87561648608458,118.7960841020013
GD2-21N7,37.86546369508124,118.80493948403877
GD2-21N9,37.86798876850088,118.80241020339469
GD2-21NB11,37.87027392684641,118.80024992380038
GD2-21P540,37.8882572878648,118.79003723211567
GD2-21X209,37.86804827798247,118.80439982510863
GD2-21X307,37.86508275914491,118.80628240083317
GD2-21X535,37.88421650026182,118.7933264778441
GD2-21X539,37.88742363712319,118.79035804114035
GD2-21X608,37.8657904884175,118.80477700908506
GDGB1X010C,37.8850946824282,118.78156793949991
GDX1-201,37.84353047070481,118.77008315667625
GDX2XNB20,37.86950719778355,118.74598956502112
